f1,f2,profit,date
0.12188346738409839,0.017438852967021013,-0.017438852967021013,2015-01-05
0.09622091475164873,0.015126892001267687,-0.015126892001267687,2015-01-06
0.8967828009034206,0.008316501519971882,0.008316501519971882,2015-01-07
0.3010519320866306,0.0179837179794357,-0.0179837179794357,2015-01-08
0.7293829532845555,0.01507135053062215,0.01507135053062215,2015-01-09
0.20418567231502693,0.0031283123546155095,-0.0031283123546155095,2015-01-13
0.29639133586580724,0.01977040140933322,-0.01977040140933322,2015-01-14
0.6727163486933903,0.027443186398602305,0.027443186398602305,2015-01-15
0.5110942408054856,0.01583654783711263,0.0,2015-01-16
0.9684145263731201,0.0028286336014300474,0.0028286336014300474,2015-01-19
0.3934420561398686,0.0026052318718446004,-0.0026052318718446004,2015-01-20
0.7958626785638261,0.0390927192822538,0.0390927192822538,2015-01-21
0.28553152745270494,0.011400700736169934,-0.011400700736169934,2015-01-22
0.09863607917427286,0.042661133939076105,-0.042661133939076105,2015-01-23
0.7598237469890624,0.021553457223734515,0.021553457223734515,2015-01-26
0.6114664952172368,0.026357193763181734,0.026357193763181734,2015-01-27
0.7288872003522414,0.004164835865168827,0.004164835865168827,2015-01-28
0.9298100847942564,0.025719817550243034,0.025719817550243034,2015-01-29
0.9176118164073283,0.022798759857920056,0.022798759857920056,2015-01-30
0.4582054794726639,0.007784154090467024,0.0,2015-02-02
0.45750584972506547,0.004027139621493123,0.0,2015-02-03
0.12849315390221927,0.009138073170855654,-0.009138073170855654,2015-02-04
0.06730632408118009,0.00365602710517497,-0.00365602710517497,2015-02-05
0.11379615286426914,0.019956246847830764,-0.019956246847830764,2015-02-06
0.18102759565621585,0.04900919345266887,-0.04900919345266887,2015-02-09
0.9366620698643057,0.007405742719967758,0.007405742719967758,2015-02-10
0.8143629640968286,0.0008977985308562129,0.0008977985308562129,2015-02-12
0.5242921600163566,0.008172692714658843,0.0,2015-02-13
0.751173671158617,0.01163646527595838,0.01163646527595838,2015-02-16
0.14807840466801314,0.031692071384357576,-0.031692071384357576,2015-02-17
0.4934712834621763,0.01603505953969612,0.0,2015-02-18
0.762995220741132,9.227505560653837e-05,9.227505560653837e-05,2015-02-19
0.9206684721072738,0.010183274332360532,0.010183274332360532,2015-02-20
0.424311469379803,0.005460285175755503,0.0,2015-02-23
0.5978841147380659,0.0019448344509549699,0.0,2015-02-24
0.9161719096007838,0.011897764846134884,0.011897764846134884,2015-02-25
0.042198700906164066,0.0009369425113189379,-0.0009369425113189379,2015-02-26
0.5140605753348134,0.0077783647103731035,0.0,2015-02-27
0.27570203980450025,0.009064249386359278,-0.009064249386359278,2015-03-02
0.7664390880703723,0.006588532245628343,0.006588532245628343,2015-03-03
0.03442682572999278,0.0074854351416029875,-0.0074854351416029875,2015-03-04
0.6940981411581051,0.014027506862245279,0.014027506862245279,2015-03-05
0.45385898483433584,0.04624717900127426,0.0,2015-03-06
0.4441635130566942,0.009417660412240942,0.0,2015-03-09
0.35845663206318024,0.025732770981339716,-0.025732770981339716,2015-03-10
0.2558321018768619,0.019543798561305167,-0.019543798561305167,2015-03-11
0.9623110542983491,0.002303908335019833,0.002303908335019833,2015-03-12
0.8480446896821521,0.030554200914544527,0.030554200914544527,2015-03-13
0.37035236089294865,0.006305349433637411,-0.006305349433637411,2015-03-16
0.2919694463867756,0.007101808835590673,-0.007101808835590673,2015-03-17
0.7747407807735466,0.00014261944843897744,0.00014261944843897744,2015-03-18
0.4645330798224666,0.035209796347175186,0.0,2015-03-19
0.10858506172458882,0.01740209108173459,-0.01740209108173459,2015-03-20
0.579060396175058,0.0037844583311084654,0.0,2015-03-23
0.7860264742028773,0.010208323053733386,0.010208323053733386,2015-03-24
0.13816696981795507,0.013813133031169246,-0.013813133031169246,2015-03-25
0.2089588430061634,0.014744118054963291,-0.014744118054963291,2015-03-26
0.7672510525493811,0.012815177528836449,0.012815177528836449,2015-03-27
0.48028552124018076,0.03561636664560422,0.0,2015-03-30
0.3328786397025434,0.0019127881970251784,-0.0019127881970251784,2015-03-31
0.18963954538604888,0.008568211029077922,-0.008568211029077922,2015-04-01
0.45144323557360455,0.009971450026796322,0.0,2015-04-02
0.9556231734402583,0.005559577379352721,0.005559577379352721,2015-04-03
0.8247769247960575,0.030504771272140466,0.030504771272140466,2015-04-06
0.37608213092461573,0.004684135072676111,-0.004684135072676111,2015-04-07
0.7266646135496936,0.01904619822819294,0.01904619822819294,2015-04-08
0.11107518118421644,0.011294112535117437,-0.011294112535117437,2015-04-09
0.49663679200527644,0.000326645775565481,0.0,2015-04-10
0.8087180641967876,0.02153404620621126,0.02153404620621126,2015-04-13
0.14012040725147712,0.03786592413312343,-0.03786592413312343,2015-04-14
0.42367071030631465,0.011756996296351945,0.0,2015-04-15
0.49121841468032534,0.003698069197389125,0.0,2015-04-16
0.5157822023269597,0.002313687421442666,0.0,2015-04-17
0.23799518702623268,0.0038698716776900343,-0.0038698716776900343,2015-04-20
0.8684195442868451,0.01627667133737433,0.01627667133737433,2015-04-21
0.7112647194275817,0.002144515510801836,0.002144515510801836,2015-04-22
0.48294744268556267,2.847774041072239e-05,0.0,2015-04-23
0.8839079368169396,0.0040506078876327845,0.0040506078876327845,2015-04-24
0.06997294104767693,0.002085567174667199,-0.002085567174667199,2015-04-27
0.49417184023854777,0.019330204671618376,0.0,2015-04-28
0.24141797612453297,0.025619457041627547,-0.025619457041627547,2015-04-30
0.1734397912712501,0.01227820072231115,-0.01227820072231115,2015-05-01
0.8443414871479926,0.007580653106277,0.007580653106277,2015-05-07
0.1424633836861363,0.019218568846984845,-0.019218568846984845,2015-05-08
0.7326551552299903,0.014906843366105139,0.014906843366105139,2015-05-11
0.9888105568488739,0.009443481438547164,0.009443481438547164,2015-05-12
0.14691740788203123,0.0022801308425341193,-0.0022801308425341193,2015-05-13
0.0720330603791699,0.00769813030174488,-0.00769813030174488,2015-05-14
0.4745805311671112,0.011967598401685039,0.0,2015-05-15
0.34243477192810656,0.0015565649174957357,-0.0015565649174957357,2015-05-18
0.07113042361934263,0.025723282566727398,-0.025723282566727398,2015-05-19
0.8407165830850113,0.002581640731624413,0.002581640731624413,2015-05-20
0.7605503240266719,0.00330628834683545,0.00330628834683545,2015-05-21
0.545974279225748,0.025192799939760986,0.0,2015-05-22
0.13845876644236377,0.02078470578776108,-0.02078470578776108,2015-05-25
0.46493674547604436,0.011715160599116417,0.0,2015-05-26
0.782345245479387,0.01330630244055331,0.01330630244055331,2015-05-27
0.23054222047452333,0.009915499605462683,-0.009915499605462683,2015-05-28
0.47788885538929105,0.005405637680984084,0.0,2015-05-29
0.7323597371956022,0.010638825020135982,0.010638825020135982,2015-06-01
0.06398206728863631,0.04863557583864019,-0.04863557583864019,2015-06-02
0.9207853558444269,0.02182707046375946,0.02182707046375946,2015-06-03
0.7932558339116244,0.016883669268312723,0.016883669268312723,2015-06-04
0.5635637965739472,0.01807908119327653,0.0,2015-06-05
0.049289325693339214,0.002957880315620416,-0.002957880315620416,2015-06-08
0.12531661092727064,0.025696827992298117,-0.025696827992298117,2015-06-09
0.8501110785604413,0.008110527256235886,0.008110527256235886,2015-06-10
0.1911810773913274,0.03325967318732655,-0.03325967318732655,2015-06-11
0.19191134356987183,0.016510794147579468,-0.016510794147579468,2015-06-12
0.4268684339812562,0.013076323008543927,0.0,2015-06-15
0.5665733171330247,0.0093287665787764,0.0,2015-06-16
0.669432109264089,0.0012829670125353116,0.0012829670125353116,2015-06-17
0.5013718742034642,0.025645540783294434,0.0,2015-06-18
0.975723381180375,0.00908478428755681,0.00908478428755681,2015-06-19
0.19343619465282014,0.005319579997194155,-0.005319579997194155,2015-06-22
0.8420532587242355,0.0258807765155772,0.0258807765155772,2015-06-23
0.6943628988256461,0.0035741633834535324,0.0035741633834535324,2015-06-24
0.23356865208010136,0.009691503898003447,-0.009691503898003447,2015-06-25
0.7647130168889761,0.027826167873437467,0.027826167873437467,2015-06-26
0.10984713381598155,0.008664346014783122,-0.008664346014783122,2015-06-29
0.6487761960927103,0.03016212051213735,0.03016212051213735,2015-06-30
0.9624167638902369,0.022938267470144633,0.022938267470144633,2015-07-01
0.9615228833359462,0.033748967832086474,0.033748967832086474,2015-07-02
0.18387727579636526,0.002148666425140424,-0.002148666425140424,2015-07-03
0.44908784684089165,0.014626496520269188,0.0,2015-07-06
0.956299564244068,0.019591862186255794,0.019591862186255794,2015-07-07
0.08089582143764829,0.017515851533885022,-0.017515851533885022,2015-07-08
0.38287473253424475,0.024598084438430857,-0.024598084438430857,2015-07-09
0.14190090436578429,0.013912870674136053,-0.013912870674136053,2015-07-10
0.7693876007564444,0.02874073548113517,0.02874073548113517,2015-07-13
0.7642343354270179,0.01802313372003131,0.01802313372003131,2015-07-14
0.4753567655365636,0.03286526409400653,0.0,2015-07-15
0.03859494913504613,0.01257615071893941,-0.01257615071893941,2015-07-16
0.6076561420397639,0.00725169578432828,0.00725169578432828,2015-07-17
0.043048161388434814,0.009344724216535842,-0.009344724216535842,2015-07-21
0.8499302475859655,0.0002316554084481302,0.0002316554084481302,2015-07-22
0.4672230517515452,0.023788525071728794,0.0,2015-07-23
0.6127083034967833,0.012716687646154601,0.012716687646154601,2015-07-24
0.036011273005748246,0.021575444766812783,-0.021575444766812783,2015-07-27
0.9173547578759808,0.01330715819157117,0.01330715819157117,2015-07-28
0.5513472537142883,0.017637987415163568,0.0,2015-07-29
0.13242580557533368,0.0004510914708715373,-0.0004510914708715373,2015-07-30
0.34870653147769404,0.02289718794426904,-0.02289718794426904,2015-07-31
0.9247729265004996,0.0002181219953492892,0.0002181219953492892,2015-08-03
0.14139098041531517,0.000907661714125209,-0.000907661714125209,2015-08-04
0.23757524205490033,0.003621197753624611,-0.003621197753624611,2015-08-05
0.7230377977194099,0.026333130436747062,0.026333130436747062,2015-08-06
0.18113060271607806,0.004157822152724956,-0.004157822152724956,2015-08-07
0.32644571741475603,0.0037804719704773136,-0.0037804719704773136,2015-08-10
0.3960755208524934,0.004946331921628863,-0.004946331921628863,2015-08-11
0.06388836786804108,0.003018724503716314,-0.003018724503716314,2015-08-12
0.38730042963116373,0.023456242977601165,-0.023456242977601165,2015-08-13
0.42104862047698033,0.02979462289917883,0.0,2015-08-14
0.9294123810121054,0.013009332621108555,0.013009332621108555,2015-08-17
0.8913633869144203,0.0007037243136199333,0.0007037243136199333,2015-08-18
0.1678589083077604,0.008225806438596403,-0.008225806438596403,2015-08-19
0.4358387308680539,0.031001522905949017,0.0,2015-08-20
0.4202772252509547,0.013620398084556482,0.0,2015-08-21
0.5172393368280115,0.032589276668574786,0.0,2015-08-24
0.5762302123289845,0.009067837752617394,0.0,2015-08-25
0.9698015859274183,0.049152262506147563,0.049152262506147563,2015-08-26
0.4482507493527149,0.035049242263927194,0.0,2015-08-27
0.3031647901742559,0.00020084487987027255,-0.00020084487987027255,2015-08-28
0.21953278187905734,0.000813027386770964,-0.000813027386770964,2015-08-31
0.5000322217094979,0.004070137664430004,0.0,2015-09-01
0.0566836926209241,0.027637092406464173,-0.027637092406464173,2015-09-02
0.11324234794705812,0.008309454751335996,-0.008309454751335996,2015-09-03
0.7339741248493284,0.0031999400771663996,0.0031999400771663996,2015-09-04
0.9733066803474809,0.0037876410688561057,0.0037876410688561057,2015-09-07
0.9775637651804576,0.015420019698888125,0.015420019698888125,2015-09-08
0.4715132112790552,0.0021796421081319603,0.0,2015-09-09
0.3743434467296156,0.018948435468776663,-0.018948435468776663,2015-09-10
0.9781470186481999,0.009383832340172971,0.009383832340172971,2015-09-11
0.4854814720475833,0.019739520669827457,0.0,2015-09-14
0.8880640177419215,0.005294425881220515,0.005294425881220515,2015-09-15
0.14846420728973764,0.01460302531524013,-0.01460302531524013,2015-09-16
0.9638083188922376,0.04823991662228971,0.04823991662228971,2015-09-17
0.9889407049675121,0.022235473865175336,0.022235473865175336,2015-09-18
0.3602105640413631,0.021127694518157197,-0.021127694518157197,2015-09-24
0.5980901550879959,0.021343099457764265,0.0,2015-09-25
0.08002807382175747,0.009672087342439989,-0.009672087342439989,2015-09-28
0.06328335095598059,0.01614740123153457,-0.01614740123153457,2015-09-29
0.9997389529386461,0.017140221216556378,0.017140221216556378,2015-09-30
0.25183845598148835,0.00879083278677778,-0.00879083278677778,2015-10-01
0.3541670200750622,0.000791846187904684,-0.000791846187904684,2015-10-02
0.24218063926814903,0.019748412910408544,-0.019748412910408544,2015-10-05
0.6566985650046638,0.03832882503087053,0.03832882503087053,2015-10-06
0.2152727931195455,0.009719238795112264,-0.009719238795112264,2015-10-07
0.26071925942878493,0.00932644292267332,-0.00932644292267332,2015-10-08
0.23051930033755075,0.038414527866597194,-0.038414527866597194,2015-10-09
0.1877031023161576,0.025610021190463038,-0.025610021190463038,2015-10-13
0.6024891716710682,0.0010313031817371766,0.0010313031817371766,2015-10-14
0.42247783959113794,0.026035396815062735,0.0,2015-10-15
0.6140776472800117,0.013985621130565118,0.013985621130565118,2015-10-16
0.5489959839609575,0.009378582709882233,0.0,2015-10-19
0.2258955828437389,0.02181482074759354,-0.02181482074759354,2015-10-20
0.7821460947319109,0.009207512350187847,0.009207512350187847,2015-10-21
0.6937747591391161,0.029439910988875478,0.029439910988875478,2015-10-22
0.6293985704010272,0.01139042801135899,0.01139042801135899,2015-10-23
0.4356436258687466,0.011580782884953612,0.0,2015-10-26
0.46050003880274315,0.01141151905142383,0.0,2015-10-27
0.8801908786103834,0.012009148546187872,0.012009148546187872,2015-10-28
0.03125758007759849,0.009056614555141,-0.009056614555141,2015-10-29
0.4744184799862826,0.005005391077186978,0.0,2015-10-30
0.19781137501565627,0.016887145164403893,-0.016887145164403893,2015-11-02
0.32016179533740363,0.0360791416624613,-0.0360791416624613,2015-11-04
0.3736033905237195,0.006584289340628578,-0.006584289340628578,2015-11-05
0.08302269190666012,0.01394747735451352,-0.01394747735451352,2015-11-06
0.5275377669338013,0.003954318450167369,0.0,2015-11-09
0.7018077289907604,0.015600755592396529,0.015600755592396529,2015-11-10
0.13621485224611962,0.005408256930354976,-0.005408256930354976,2015-11-11
0.032014609520623405,0.018132582081599298,-0.018132582081599298,2015-11-12
0.9279894683723012,0.011964259585137794,0.011964259585137794,2015-11-13
0.7075133100626948,0.004833829297264736,0.004833829297264736,2015-11-16
0.4523892239577407,0.009558522002527369,0.0,2015-11-17
0.5378818806421926,0.0011512550640433421,0.0,2015-11-18
0.1324428626737758,0.009427372744780397,-0.009427372744780397,2015-11-19
0.3832206951523943,0.00013284898717626865,-0.00013284898717626865,2015-11-20
0.007706582742082135,0.018871631786147664,-0.018871631786147664,2015-11-24
0.9841330947441608,0.008532834540502151,0.008532834540502151,2015-11-25
0.1628141126661724,0.008016258196449721,-0.008016258196449721,2015-11-26
0.729980372975983,0.012580722837994829,0.012580722837994829,2015-11-27
0.27260019749778,0.013614041529531362,-0.013614041529531362,2015-11-30
0.8312508792063,0.012209731059396142,0.012209731059396142,2015-12-01
0.16603023501916392,0.014657854451132147,-0.014657854451132147,2015-12-02
0.6946512035862366,0.013634820612668054,0.013634820612668054,2015-12-03
0.21385087579153506,0.0077542050995950615,-0.0077542050995950615,2015-12-04
0.11236143144137345,0.0036924351923811384,-0.0036924351923811384,2015-12-07
0.9171678057717988,0.012632499718007922,0.012632499718007922,2015-12-08
0.08214181084707395,0.008512088540408568,-0.008512088540408568,2015-12-09
0.5714875445470389,0.016883285443997743,0.0,2015-12-10
0.6560934894214385,0.04675718060687357,0.04675718060687357,2015-12-11
0.7830778269326721,0.0031860062395311765,0.0031860062395311765,2015-12-14
0.8502509582243634,0.007178519269770204,0.007178519269770204,2015-12-15
0.2316480438650126,0.004761448537727574,-0.004761448537727574,2015-12-16
0.8118766969680623,0.026572389433122207,0.026572389433122207,2015-12-17
0.6554204997684407,0.025912510833797232,0.025912510833797232,2015-12-18
0.2083493930114383,0.0007935002634726909,-0.0007935002634726909,2015-12-21
0.9264094546666549,0.0016282037088269764,0.0016282037088269764,2015-12-22
0.16273931960286392,0.014005929690455698,-0.014005929690455698,2015-12-24
0.16662112826336783,0.005898369152554605,-0.005898369152554605,2015-12-25
0.2988952702702511,0.01778001716527976,-0.01778001716527976,2015-12-28
0.8187120861641431,0.023749309704145797,0.023749309704145797,2015-12-29
0.5148252536851856,0.024034124246770257,0.0,2015-12-30
0.9815075032027167,0.016614484593114067,0.016614484593114067,2016-01-05
0.7062674684815232,0.01138320897238284,0.01138320897238284,2016-01-06
0.6659137080378957,0.004400769432820042,0.004400769432820042,2016-01-07
0.5059887900334246,0.04576276617317288,0.0,2016-01-08
0.41443808795145254,0.009098243396587522,0.0,2016-01-12
0.23901125551319002,0.0017915147891357406,-0.0017915147891357406,2016-01-13
0.07926823971602293,0.012775603657331895,-0.012775603657331895,2016-01-14
0.7504947191770969,0.022454845187347274,0.022454845187347274,2016-01-15
0.757124894764533,0.0049351422054099035,0.0049351422054099035,2016-01-18
0.4580834247264003,0.037571231444842035,0.0,2016-01-19
0.5740230511599036,0.04159433168186948,0.0,2016-01-20
0.9340990406054971,0.009505065755487308,0.009505065755487308,2016-01-21
0.7978713228816774,0.02013490122361369,0.02013490122361369,2016-01-22
0.7969820614386447,0.02185213495442802,0.02185213495442802,2016-01-25
0.7378231000813845,0.013906147978014339,0.013906147978014339,2016-01-26
0.9917053198448006,0.024183129341421163,0.024183129341421163,2016-01-27
0.8723358323198649,0.003153229139541814,0.003153229139541814,2016-01-28
0.7317751865693358,0.051178758739917014,0.051178758739917014,2016-01-29
0.7282282253326896,0.018858057545595892,0.018858057545595892,2016-02-01
0.5832273729411058,0.01759020069970592,0.0,2016-02-02
0.9675925569797256,0.0062576788650605675,0.0062576788650605675,2016-02-03
0.03277663112429097,0.01635960950240485,-0.01635960950240485,2016-02-04
0.12222289725098179,0.009817995461038528,-0.009817995461038528,2016-02-05
0.47224484309916803,0.015675115770142474,0.0,2016-02-08
0.42864195692179285,0.005506818853886106,0.0,2016-02-09
0.10196585925402346,0.007905573993459664,-0.007905573993459664,2016-02-10
0.9266281388426195,0.0009701789791478894,0.0009701789791478894,2016-02-12
0.7943706490260993,0.006054566168495475,0.006054566168495475,2016-02-15
0.3797880175319165,0.0046638701033985515,-0.0046638701033985515,2016-02-16
0.35152683754600156,0.028350488790810608,-0.028350488790810608,2016-02-17
0.4689061095688454,0.01078114812532068,0.0,2016-02-18
0.32003652827319184,0.03732682724511842,-0.03732682724511842,2016-02-19
0.17325627258270393,0.003111015157045839,-0.003111015157045839,2016-02-22
0.008113509452811196,0.017833672334190493,-0.017833672334190493,2016-02-23
0.8974819546210984,0.02027399055504716,0.02027399055504716,2016-02-24
0.10866568048900005,0.005798837599062744,-0.005798837599062744,2016-02-25
0.33642848201450815,0.001283231060732148,-0.001283231060732148,2016-02-26
0.24943387230125091,0.022045760000353087,-0.022045760000353087,2016-02-29
0.5328716899321492,0.0379955133618623,0.0,2016-03-01
0.8635262810644514,0.02339411586612984,0.02339411586612984,2016-03-02
0.5152660604517899,0.006254344105558242,0.0,2016-03-03
0.7418436421312122,0.005338457420238369,0.005338457420238369,2016-03-04
0.603078657873072,0.020115394426409822,0.020115394426409822,2016-03-07
0.23011321810355245,0.005704986962137216,-0.005704986962137216,2016-03-08
0.2886678071880775,0.004435683868270938,-0.004435683868270938,2016-03-09
0.07464129947146447,0.0016873837037991025,-0.0016873837037991025,2016-03-10
0.06849969422980584,0.032821325245186744,-0.032821325245186744,2016-03-11
0.018357885380356875,0.039262310883343955,-0.039262310883343955,2016-03-14
0.18570385384689203,0.008551465295330478,-0.008551465295330478,2016-03-15
0.17618510247792496,0.004790176722897145,-0.004790176722897145,2016-03-16
0.14316678621061718,0.00233970103113698,-0.00233970103113698,2016-03-17
0.06469847571602938,0.007564002447979236,-0.007564002447979236,2016-03-18
0.06487503767765024,0.005336290546801171,-0.005336290546801171,2016-03-22
0.30236442162625377,0.020800674600903873,-0.020800674600903873,2016-03-23
0.6291997130991018,0.028637371702731697,0.028637371702731697,2016-03-24
0.6082100946937983,0.020187353513073894,0.020187353513073894,2016-03-25
0.9955897996701897,0.005870130705469474,0.005870130705469474,2016-03-28
0.5227004677256929,0.024708708972048944,0.0,2016-03-29
0.2035233270225253,0.0015242390283262857,-0.0015242390283262857,2016-03-30
0.008487960078249479,0.01270087941633787,-0.01270087941633787,2016-03-31
0.533419647480725,0.007321596708138354,0.0,2016-04-01
0.45357132424445656,0.011322085655664726,0.0,2016-04-04
0.09642383610066352,0.009532241036887067,-0.009532241036887067,2016-04-05
0.728047345553296,0.02688908845185274,0.02688908845185274,2016-04-06
0.49424730577286613,0.02367490397278121,0.0,2016-04-07
0.29198059734998216,0.0035718929837127,-0.0035718929837127,2016-04-08
0.9466489956079692,0.02091560609323139,0.02091560609323139,2016-04-11
0.5374712678432817,0.013708148135875375,0.0,2016-04-12
0.44084012039738396,0.05292129812857705,0.0,2016-04-13
0.7258743364048806,0.010674827504224072,0.010674827504224072,2016-04-14
0.37508549380934053,0.004008705700926216,-0.004008705700926216,2016-04-15
0.8148027066437817,0.018741119206746367,0.018741119206746367,2016-04-18
0.5211925614988431,0.03761515997665582,0.0,2016-04-19
0.8447854770328455,0.02210306919866873,0.02210306919866873,2016-04-20
0.3796752788897072,0.0018514318629091425,-0.0018514318629091425,2016-04-21
0.7822225738409659,0.022656382252257325,0.022656382252257325,2016-04-22
0.051080011026444105,0.0020151226207906436,-0.0020151226207906436,2016-04-25
0.48351525601089396,0.021561058726058884,0.0,2016-04-26
0.6810186334667698,0.01948530090774877,0.01948530090774877,2016-04-27
0.11393184915178689,0.001604481357815302,-0.001604481357815302,2016-04-28
0.7314280610788728,0.017291782578180762,0.017291782578180762,2016-05-02
0.7748697985617616,0.02354575213440116,0.02354575213440116,2016-05-06
0.28069406373415173,0.011639225897624658,-0.011639225897624658,2016-05-09
0.22915700934587313,0.014329119996596787,-0.014329119996596787,2016-05-10
0.02413311108679861,0.0015494905609173724,-0.0015494905609173724,2016-05-11
0.2810313949926374,0.0011150825189940924,-0.0011150825189940924,2016-05-12
0.7165958728737472,0.02255971158976465,0.02255971158976465,2016-05-13
0.7517426375120485,0.02735302659557808,0.02735302659557808,2016-05-16
0.2544836199938413,0.008599300460193401,-0.008599300460193401,2016-05-17
0.3807609423892816,0.009820554384292792,-0.009820554384292792,2016-05-18
0.11459142168637193,0.031618946145899864,-0.031618946145899864,2016-05-19
0.7535071503791554,0.017374694020242457,0.017374694020242457,2016-05-20
0.7966416554315313,0.019395267556572234,0.019395267556572234,2016-05-23
0.21064904550194952,0.015367133936114915,-0.015367133936114915,2016-05-24
0.9680966199814455,0.008361230985736443,0.008361230985736443,2016-05-25
0.7512045635898681,0.01947055760179958,0.01947055760179958,2016-05-26
0.049270946326307685,5.3692720201420176e-05,-5.3692720201420176e-05,2016-05-27
0.410294575887427,0.0016600437060851686,0.0,2016-05-30
0.0824983551964048,0.02073720227710175,-0.02073720227710175,2016-05-31
0.5171155376784958,0.015503741386944438,0.0,2016-06-01
0.028938428552658824,0.011988901982206097,-0.011988901982206097,2016-06-02
0.028419854330267724,0.027109466059485162,-0.027109466059485162,2016-06-03
0.025304962118401053,0.021224186364428143,-0.021224186364428143,2016-06-06
0.3696408705303925,0.022474032287194783,-0.022474032287194783,2016-06-07
0.0034014718828604407,0.023577595896429694,-0.023577595896429694,2016-06-08
0.16562812023913964,0.031102345178149266,-0.031102345178149266,2016-06-09
0.778989390193631,0.020918945197121078,0.020918945197121078,2016-06-10
0.41201132143216734,0.014669607039783353,0.0,2016-06-13
0.03262920382800327,0.009317469719326187,-0.009317469719326187,2016-06-14
0.8348454278663252,0.012372534103560442,0.012372534103560442,2016-06-15
0.16423354806221957,0.001546750887506122,-0.001546750887506122,2016-06-16
0.5356698564487593,0.006563398152181853,0.0,2016-06-17
0.35006475634662726,0.0054526374256232656,-0.0054526374256232656,2016-06-20
0.6379282240015625,0.010725734388126186,0.010725734388126186,2016-06-21
0.8671948175168076,0.033099263398228926,0.033099263398228926,2016-06-22
0.19546945231581625,0.01184958905751012,-0.01184958905751012,2016-06-23
0.47511039132551636,0.011104390458110734,0.0,2016-06-24
0.6386170307686126,0.00020406340674307882,0.00020406340674307882,2016-06-27
0.7024448556385589,0.022539940151096283,0.022539940151096283,2016-06-28
0.06050822507753428,0.005105648979773739,-0.005105648979773739,2016-06-29
0.4272237933394172,0.014788911232526075,0.0,2016-06-30
0.25336581172168327,0.008817853938885109,-0.008817853938885109,2016-07-01
0.5598670826419543,0.026483475323021588,0.0,2016-07-04
0.8945789305055455,0.009197213302031429,0.009197213302031429,2016-07-05
0.18836541205487256,0.01921760534153686,-0.01921760534153686,2016-07-06
0.16585033521812742,0.012019105846633835,-0.012019105846633835,2016-07-07
0.988374706918276,0.05469703412245927,0.05469703412245927,2016-07-08
0.013054474471506872,0.01867440079871096,-0.01867440079871096,2016-07-11
0.08364496263909205,0.013250437910245414,-0.013250437910245414,2016-07-12
0.13248953179959932,0.024037144099394163,-0.024037144099394163,2016-07-13
0.13066665962617718,0.01424370106334559,-0.01424370106334559,2016-07-14
0.3783840845828871,0.03323754621897515,-0.03323754621897515,2016-07-15
0.20674365563517183,0.02529875859709779,-0.02529875859709779,2016-07-19
0.5948203717799507,0.022646567838190204,0.0,2016-07-20
0.09536074217627521,0.03796083287291699,-0.03796083287291699,2016-07-21
0.7555050424724682,0.0019796054778480213,0.0019796054778480213,2016-07-22
0.536456916234707,0.020499707204121417,0.0,2016-07-25
0.7538375759967556,0.016087889510317414,0.016087889510317414,2016-07-26
0.7267631511194024,0.03288025889405936,0.03288025889405936,2016-07-27
0.17322665077354815,0.0014083326833966338,-0.0014083326833966338,2016-07-28
0.8775294508117246,0.004415734984981402,0.004415734984981402,2016-07-29
0.27626998629784494,0.016225130996098028,-0.016225130996098028,2016-08-01
0.4276450734600825,0.005813089139789431,0.0,2016-08-02
0.25409869692153664,0.004042018826407409,-0.004042018826407409,2016-08-03
0.8089983429761028,0.016206405675243563,0.016206405675243563,2016-08-04
0.5321999615134527,0.025460864000912072,0.0,2016-08-05
0.6259655674327098,0.011575858905930632,0.011575858905930632,2016-08-08
0.768442343640526,0.009125130352646955,0.009125130352646955,2016-08-09
0.4376032882123885,7.843478640601957e-06,0.0,2016-08-10
0.22798667609968815,0.009008986877056169,-0.009008986877056169,2016-08-12
0.3327263305036857,0.0040603454244449244,-0.0040603454244449244,2016-08-15
0.957651501004044,0.009360120720270766,0.009360120720270766,2016-08-16
0.772700045140589,0.023979328494960955,0.023979328494960955,2016-08-17
0.6815560849767827,0.025232551980584907,0.025232551980584907,2016-08-18
0.5720663526252429,0.008240685769200303,0.0,2016-08-19
0.8164615966615658,0.0213269559511701,0.0213269559511701,2016-08-22
0.9111396651993434,0.0062577369757261195,0.0062577369757261195,2016-08-23
0.6738688155928871,0.029724488164463353,0.029724488164463353,2016-08-24
0.15801380917482666,2.1337123249260233e-05,-2.1337123249260233e-05,2016-08-25
0.07869669848150163,0.009619711381985144,-0.009619711381985144,2016-08-26
0.755053043831875,0.0022094230026182627,0.0022094230026182627,2016-08-29
0.8994010826105203,0.0035299149914409422,0.0035299149914409422,2016-08-30
0.23449862141434963,0.019806536575954554,-0.019806536575954554,2016-08-31
0.9837856820063278,0.01258332519122853,0.01258332519122853,2016-09-01
0.059914688862895304,0.007748748962090669,-0.007748748962090669,2016-09-02
0.8778984575566129,0.005945149173417119,0.005945149173417119,2016-09-05
0.5795518067881754,0.00013030433991490702,0.0,2016-09-06
0.4394165785807317,0.00030625534792738044,0.0,2016-09-07
0.1149475116357278,0.014490369925398977,-0.014490369925398977,2016-09-08
0.10500281538482614,0.00891885951676496,-0.00891885951676496,2016-09-09
0.42236158314185446,0.018554382678886615,0.0,2016-09-12
0.7045905484239918,0.0056648633954442685,0.0056648633954442685,2016-09-13
0.3123523005899346,0.006011965789161487,-0.006011965789161487,2016-09-14
0.8826663671326025,0.004044187030448718,0.004044187030448718,2016-09-15
0.12670875014625982,0.03031928809559546,-0.03031928809559546,2016-09-16
0.007911546569582928,0.013901282735393301,-0.013901282735393301,2016-09-20
0.38752401636064304,0.031164972602737623,-0.031164972602737623,2016-09-21
0.7126988622287003,0.019175654801725193,0.019175654801725193,2016-09-23
0.4957737764573982,0.00905540344077026,0.0,2016-09-26
0.960453700552485,0.01823353797788545,0.01823353797788545,2016-09-27
0.35858139283123913,0.007515126128303539,-0.007515126128303539,2016-09-28
0.28528532219783054,0.01050954906309022,-0.01050954906309022,2016-09-29
0.8892832089356548,0.020325089937674526,0.020325089937674526,2016-09-30
0.16001982845281604,0.03236795383928254,-0.03236795383928254,2016-10-03
0.425828154925058,0.005649392992095048,0.0,2016-10-04
0.21319084265014987,0.01642705859092811,-0.01642705859092811,2016-10-05
0.010226940452218725,0.04581521441070739,-0.04581521441070739,2016-10-06
0.14288438902565692,0.017013920896277283,-0.017013920896277283,2016-10-07
0.8079282791793507,0.013572086614242269,0.013572086614242269,2016-10-11
0.37204445547689213,0.0013908429718469835,-0.0013908429718469835,2016-10-12
0.8203377746023649,0.022347187100046233,0.022347187100046233,2016-10-13
0.6962873939817374,0.0016070032120478442,0.0016070032120478442,2016-10-14
0.09875109551979933,0.014968318075683247,-0.014968318075683247,2016-10-17
0.03416643835028654,0.022879035922590905,-0.022879035922590905,2016-10-18
0.09065138827715769,0.0012103684428964316,-0.0012103684428964316,2016-10-19
0.8573879665649515,0.02888339356959294,0.02888339356959294,2016-10-20
0.8647662372973484,0.007380976485981816,0.007380976485981816,2016-10-21
0.9403423056089771,0.018766996406743716,0.018766996406743716,2016-10-24
0.5913749819031241,0.011108074294093712,0.0,2016-10-25
0.4934009070710492,0.0009871085426535436,0.0,2016-10-26
0.6750296374106631,0.004339799018697978,0.004339799018697978,2016-10-27
0.9157040519650871,0.011503816023034323,0.011503816023034323,2016-10-28
0.15313557425412572,0.012674860862574506,-0.012674860862574506,2016-10-31
0.2732064428069514,0.016557635032998386,-0.016557635032998386,2016-11-01
0.5223624936891075,0.005675026712746744,0.0,2016-11-02
0.6565647599367957,0.025915676792498378,0.025915676792498378,2016-11-04
0.11296659906485329,0.01045980449221627,-0.01045980449221627,2016-11-07
0.6743368762085559,0.009137729848507047,0.009137729848507047,2016-11-08
0.9696856218226624,0.013853050969808881,0.013853050969808881,2016-11-09
0.4298028595496396,0.00966060279247567,0.0,2016-11-10
0.4947453622272685,0.013274493141295246,0.0,2016-11-11
0.9978104937502281,0.01425961630595912,0.01425961630595912,2016-11-14
0.6571720838463471,0.021200082031810324,0.021200082031810324,2016-11-15
0.8750042845342147,0.010893647203024853,0.010893647203024853,2016-11-16
0.45514586510080923,0.011924046902736391,0.0,2016-11-17
0.01130538516468238,0.006870388541659386,-0.006870388541659386,2016-11-18
0.6476734396779015,0.04272025069936076,0.04272025069936076,2016-11-21
0.5607263156971997,0.020983856831966203,0.0,2016-11-22
0.8422266196062707,0.03857647897058877,0.03857647897058877,2016-11-24
0.5464690726289844,0.02123800755728484,0.0,2016-11-25
0.576731849501906,0.03528388926865471,0.0,2016-11-28
0.9698360708065236,0.03410044345305798,0.03410044345305798,2016-11-29
0.36835473802189933,0.010019981751299447,-0.010019981751299447,2016-11-30
0.8814867826896299,0.01087124234329192,0.01087124234329192,2016-12-01
0.719919085771313,0.0033238338459144756,0.0033238338459144756,2016-12-02
0.32960587412045306,0.011724913506408958,-0.011724913506408958,2016-12-05
0.5973410346697772,0.0067056140429877275,0.0,2016-12-06
0.12035938868020246,0.006305586373676338,-0.006305586373676338,2016-12-07
0.958775213129306,0.007012481009756149,0.007012481009756149,2016-12-08
0.5424369657672735,0.00942003657831136,0.0,2016-12-09
0.5260507443336869,0.028316463824048475,0.0,2016-12-12
0.056519656824123854,0.016824077914859584,-0.016824077914859584,2016-12-13
0.4537026547854459,0.01560358467981996,0.0,2016-12-14
0.24152525408667547,0.018463193277815218,-0.018463193277815218,2016-12-15
0.8100442748091807,0.013758894251636282,0.013758894251636282,2016-12-16
0.19230659260165817,0.01951193190224629,-0.01951193190224629,2016-12-19
0.06114695320106822,0.005350058540727347,-0.005350058540727347,2016-12-20
0.11588564276051239,0.01684018953330808,-0.01684018953330808,2016-12-21
0.8998889359037321,0.021570277010465624,0.021570277010465624,2016-12-22
0.27871514941357944,0.022398754699054568,-0.022398754699054568,2016-12-26
0.41123831289521773,0.011685236876340361,0.0,2016-12-27
0.652859802687347,0.003793637801643835,0.003793637801643835,2016-12-28
0.6978507054195274,0.04657967052655943,0.04657967052655943,2016-12-29
0.6867883790070998,0.02340657899335307,0.02340657899335307,2016-12-30
0.9657886973719377,0.023108314737318378,0.023108314737318378,2017-01-04
0.5541958239269887,0.002394542976427052,0.0,2017-01-05
0.6991760005814455,0.026898050799713625,0.026898050799713625,2017-01-06
0.5511542606252176,0.022727278203063906,0.0,2017-01-10
0.46918975119884565,0.0011524659613566985,0.0,2017-01-11
0.041347559533257305,0.011466938819700923,-0.011466938819700923,2017-01-12
0.8808595942857019,0.007783221634177004,0.007783221634177004,2017-01-13
0.526373992636794,0.011319694969775375,0.0,2017-01-16
0.5036758850239885,0.0005752323015171636,0.0,2017-01-17
0.6536483956383651,0.01772311831816555,0.01772311831816555,2017-01-18
0.5902617898423189,0.024217844717402362,0.0,2017-01-19
0.33320076885303007,0.02384021919092793,-0.02384021919092793,2017-01-20
0.06296337827134235,0.026534225333142758,-0.026534225333142758,2017-01-23
0.7572454069890819,0.0003191510242289486,0.0003191510242289486,2017-01-24
0.18471613683026655,0.013820646992256611,-0.013820646992256611,2017-01-25
0.8136228605871636,0.00029396470940917834,0.00029396470940917834,2017-01-26
0.3274089493036788,0.02276494468511071,-0.02276494468511071,2017-01-27
0.7670014453704094,0.00300115141889109,0.00300115141889109,2017-01-30
0.4702177776800478,0.0004842532729058406,0.0,2017-01-31
0.26836392435249623,0.005629809246289371,-0.005629809246289371,2017-02-01
0.25668596667025434,0.012140531295085289,-0.012140531295085289,2017-02-02
0.8902300204920145,0.014628849063434115,0.014628849063434115,2017-02-03
0.7812682042812581,0.0017448891184173093,0.0017448891184173093,2017-02-06
0.5019203102491432,0.007604209660977126,0.0,2017-02-07
0.802942409847179,0.04132498361977768,0.04132498361977768,2017-02-08
0.7498459616415468,0.020231158117114144,0.020231158117114144,2017-02-09
0.6356369686105362,0.02308766591888849,0.02308766591888849,2017-02-10
0.8910870659420049,0.004324734455437188,0.004324734455437188,2017-02-13
0.10096581419200368,0.030791998693758288,-0.030791998693758288,2017-02-14
0.020131959989786452,0.0006156192525752451,-0.0006156192525752451,2017-02-15
0.08835816954600917,0.042341407999214035,-0.042341407999214035,2017-02-16
0.3142736807802001,0.011493815456308495,-0.011493815456308495,2017-02-17
0.9572488555911552,0.0161005876472201,0.0161005876472201,2017-02-20
0.22593540869565687,0.013280753161251178,-0.013280753161251178,2017-02-21
0.23853691003626842,0.00763231752171198,-0.00763231752171198,2017-02-22
0.7969148573256589,0.006055678387800915,0.006055678387800915,2017-02-23
0.09633108971096893,0.04242433631762391,-0.04242433631762391,2017-02-24
0.8963140010443731,0.003426541748061065,0.003426541748061065,2017-02-27
0.4489867119805063,0.017716383944974427,0.0,2017-02-28
0.5493347022992549,0.020542629123943907,0.0,2017-03-01
0.2602521401542769,0.011189104208282976,-0.011189104208282976,2017-03-02
0.5323133447164651,0.0025495981736209654,0.0,2017-03-03
0.4622301095672521,0.02226776519552397,0.0,2017-03-06
0.16109099062550125,0.00362184160558122,-0.00362184160558122,2017-03-07
0.8180883919087261,0.017909377425325286,0.017909377425325286,2017-03-08
0.8349979315247283,0.012593937295851853,0.012593937295851853,2017-03-09
0.2860812320878908,0.029675929823243023,-0.029675929823243023,2017-03-10
0.2962017489085421,0.023564807924430043,-0.023564807924430043,2017-03-13
0.5157675081702972,0.03531520260583964,0.0,2017-03-14
0.7314108338771493,0.0016365360554094217,0.0016365360554094217,2017-03-15
0.40583683751959654,0.029695217554125086,0.0,2017-03-16
0.7788536721212674,0.01604218023495595,0.01604218023495595,2017-03-17
0.3159263943246927,0.00795857006357486,-0.00795857006357486,2017-03-21
0.5711542205313931,0.008125871498171258,0.0,2017-03-22
0.31120140082053205,0.00649811175106239,-0.00649811175106239,2017-03-23
0.12562400226947945,0.00022761181063019276,-0.00022761181063019276,2017-03-24
0.2852596861401213,0.002230197713364329,-0.002230197713364329,2017-03-27
0.6750708717548523,0.029107789897764108,0.029107789897764108,2017-03-28
0.053811929998054064,0.003012217805734459,-0.003012217805734459,2017-03-29
0.3436341716044804,0.008611641397626355,-0.008611641397626355,2017-03-30
0.5112906272811056,0.02687882940907775,0.0,2017-03-31
0.45269627712521165,0.0018266392715732477,0.0,2017-04-03
0.6468483495439898,0.007514001080587743,0.007514001080587743,2017-04-04
0.86087093656633,0.021778389816912106,0.021778389816912106,2017-04-05
0.2839228013548989,0.008142098828986616,-0.008142098828986616,2017-04-06
0.20470601677088707,0.021786503278319134,-0.021786503278319134,2017-04-07
0.14033319410459766,0.014749360466695843,-0.014749360466695843,2017-04-10
0.31714796276777824,0.017805002499692267,-0.017805002499692267,2017-04-11
0.6955184340317061,0.039073443450033295,0.039073443450033295,2017-04-12
0.868820951087727,0.007685189874269802,0.007685189874269802,2017-04-13
0.03495080445757426,0.009353139798168666,-0.009353139798168666,2017-04-14
0.7873715678059362,0.0014600633870538325,0.0014600633870538325,2017-04-17
0.6509725540025728,0.01859288855272859,0.01859288855272859,2017-04-18
0.6192552788890361,0.0039242126553456795,0.0039242126553456795,2017-04-19
0.23570897732184093,0.01437048310132051,-0.01437048310132051,2017-04-20
0.4698108189945268,0.009019780888588874,0.0,2017-04-21
0.3509969346303783,0.020505094474567574,-0.020505094474567574,2017-04-24
0.11688128195295522,0.01263908900227115,-0.01263908900227115,2017-04-25
0.026551602246497885,0.02001679029473637,-0.02001679029473637,2017-04-26
0.7877477425936363,0.021777255135125448,0.021777255135125448,2017-04-27
0.30393665497746847,0.008818947166436568,-0.008818947166436568,2017-04-28
0.12389461599551144,0.008834644602041712,-0.008834644602041712,2017-05-01
0.13349908032046132,0.00863331772681957,-0.00863331772681957,2017-05-02
0.26257753145598217,0.016578950097039555,-0.016578950097039555,2017-05-08
0.043066352135710306,0.006562781350525197,-0.006562781350525197,2017-05-09
0.8771200755881257,0.011339731034083369,0.011339731034083369,2017-05-10
0.10728645791211666,0.015180513585043862,-0.015180513585043862,2017-05-11
0.5321809744840338,0.018362465019132784,0.0,2017-05-12
0.21750894968832424,0.02166037677603591,-0.02166037677603591,2017-05-15
0.647494510498564,0.005137770916729124,0.005137770916729124,2017-05-16
0.9907997743810236,0.0005877420681210393,0.0005877420681210393,2017-05-17
0.8410764692941648,0.0195167258341372,0.0195167258341372,2017-05-18
0.5582918541192068,4.170092049478027e-05,0.0,2017-05-19
0.21478997649321208,0.009568908909429496,-0.009568908909429496,2017-05-22
0.849238020322732,0.006187032959038736,0.006187032959038736,2017-05-23
0.7803818693692088,0.01622760984419918,0.01622760984419918,2017-05-24
0.8244470475032643,0.014228299879888108,0.014228299879888108,2017-05-25
0.7091040995353725,0.005995042292039924,0.005995042292039924,2017-05-26
0.9481184903404939,0.006384403518882908,0.006384403518882908,2017-05-29
0.8350520573670727,0.0019504616144393157,0.0019504616144393157,2017-05-30
0.22982850346702266,0.019771918527797222,-0.019771918527797222,2017-05-31
0.4234781152253133,0.015888356038468807,0.0,2017-06-01
0.9820646685053654,0.01615262230955869,0.01615262230955869,2017-06-02
0.9862887297991905,0.019739184875735876,0.019739184875735876,2017-06-05
0.09103040689437647,0.017119009107729906,-0.017119009107729906,2017-06-06
0.035755500680911156,0.021653492908763786,-0.021653492908763786,2017-06-07
0.5191929932510747,0.005141149127815316,0.0,2017-06-08
0.2605607768127385,0.0190709743585641,-0.0190709743585641,2017-06-09
0.9645770708871807,0.008486242055288317,0.008486242055288317,2017-06-12
0.9054175475370867,0.01636065338132268,0.01636065338132268,2017-06-13
0.5815065639639944,0.02440915107220168,0.0,2017-06-14
0.6311887295468789,0.01742366532453831,0.01742366532453831,2017-06-15
0.8320440842323726,0.009752826020071284,0.009752826020071284,2017-06-16
0.9368063436267767,0.0243740411351194,0.0243740411351194,2017-06-19
0.3990370377391458,0.013298422607095729,-0.013298422607095729,2017-06-20
0.9692583085102191,0.0050429500699062145,0.0050429500699062145,2017-06-21
0.4981454659352409,0.004034549773760454,0.0,2017-06-22
0.40882356676434006,0.015499708181891472,0.0,2017-06-23
0.32159766772630893,0.0028805333145814583,-0.0028805333145814583,2017-06-26
0.94268271475561,0.003911761262952589,0.003911761262952589,2017-06-27
0.9128974103975208,0.03833474788676929,0.03833474788676929,2017-06-28
0.9827097155930323,0.021725270694614957,0.021725270694614957,2017-06-29
0.9052691537827585,0.011462285148930194,0.011462285148930194,2017-06-30
0.7056000364895918,0.0018962670505926905,0.0018962670505926905,2017-07-03
0.876048607802409,0.022234388209909684,0.022234388209909684,2017-07-04
0.4741623814398759,0.0018479713969754487,0.0,2017-07-05
0.4707309755606065,0.016286868446178927,0.0,2017-07-06
0.7312693743127412,0.03364406769650522,0.03364406769650522,2017-07-07
0.7850935279857718,0.017823222983656337,0.017823222983656337,2017-07-10
0.2723017807791266,0.006552258736606008,-0.006552258736606008,2017-07-11
0.7436907623831299,0.021476212106449098,0.021476212106449098,2017-07-12
0.42593995057878375,0.015878122797686033,0.0,2017-07-13
0.673080095641286,0.004916838609297027,0.004916838609297027,2017-07-14
0.7416308287338489,0.0025733640614931472,0.0025733640614931472,2017-07-18
0.9651024836470488,0.0006133385845273967,0.0006133385845273967,2017-07-19
0.3999923913640807,0.0026428637114803634,-0.0026428637114803634,2017-07-20
0.7647211513981821,0.024192240327773215,0.024192240327773215,2017-07-21
0.16926044573964938,0.017243199304963264,-0.017243199304963264,2017-07-24
0.3170839089964429,0.0071117172386329,-0.0071117172386329,2017-07-25
0.6333323030602396,0.004627527736936605,0.004627527736936605,2017-07-26
0.26529924167828767,0.01925451665392267,-0.01925451665392267,2017-07-27
0.9983929543458172,0.0034937715627708977,0.0034937715627708977,2017-07-28
0.02573622777060658,0.0008513656887292337,-0.0008513656887292337,2017-07-31
0.6988241414134042,0.018148773718375564,0.018148773718375564,2017-08-01
0.8651378149427822,0.0032201593452045765,0.0032201593452045765,2017-08-02
0.4124104952564105,0.011083790513770274,0.0,2017-08-03
0.367006499019195,0.013538620849396419,-0.013538620849396419,2017-08-04
0.9353229305768926,0.027378198583274633,0.027378198583274633,2017-08-07
0.4909635310566979,0.014718030102098297,0.0,2017-08-08
0.8604081231531412,0.011498899287821326,0.011498899287821326,2017-08-09
0.654138716094967,0.02004803536788565,0.02004803536788565,2017-08-10
0.18688868387600766,0.0018731304419190985,-0.0018731304419190985,2017-08-14
0.31367746547326925,0.0026836137587943915,-0.0026836137587943915,2017-08-15
0.06824649391836868,0.0028662656765660005,-0.0028662656765660005,2017-08-16
0.4971937550801191,0.027940491116338673,0.0,2017-08-17
0.14735480291919711,0.04063682457003051,-0.04063682457003051,2017-08-18
0.3084664778677403,0.0030775614469246144,-0.0030775614469246144,2017-08-21
0.2570469833358351,0.006015424834663629,-0.006015424834663629,2017-08-22
0.7150446660826323,0.0048754710455444095,0.0048754710455444095,2017-08-23
0.8771365024978881,0.0034007650090325465,0.0034007650090325465,2017-08-24
0.6809567102127192,0.02541694431726804,0.02541694431726804,2017-08-25
0.9371588596650672,0.009401555907788387,0.009401555907788387,2017-08-28
0.27545060035451663,0.00228860230121118,-0.00228860230121118,2017-08-29
0.006157468536848731,0.014483172880646858,-0.014483172880646858,2017-08-30
0.9731386421802495,0.014685822783302513,0.014685822783302513,2017-08-31
0.31724143504669733,0.0026303324262670056,-0.0026303324262670056,2017-09-01
0.4468343501336969,0.018909465181878464,0.0,2017-09-04
0.7667893419713,0.007743442761925399,0.007743442761925399,2017-09-05
0.4365014300524477,0.009614993574148481,0.0,2017-09-06
0.09774091044513,0.018184502259011682,-0.018184502259011682,2017-09-07
0.8460674767464187,0.02208018896510439,0.02208018896510439,2017-09-08
0.7671829844578759,0.0010005840620543813,0.0010005840620543813,2017-09-11
0.43802698080911595,0.009398471388956475,0.0,2017-09-12
0.7511054257847783,0.009935439353112408,0.009935439353112408,2017-09-13
0.3129213881434253,0.00020231255816565474,-0.00020231255816565474,2017-09-14
0.3953716330641709,0.017576724031602448,-0.017576724031602448,2017-09-15
0.5524120215631602,0.010906112811314013,0.0,2017-09-19
0.5103305463701221,0.024798451989489424,0.0,2017-09-20
0.8147423724268994,0.03487130085316581,0.03487130085316581,2017-09-21
0.046013603547309545,0.007516714560707292,-0.007516714560707292,2017-09-22
0.33193498930718424,0.020009141599686642,-0.020009141599686642,2017-09-25
0.8618715245840775,0.022854983194073072,0.022854983194073072,2017-09-26
0.40364125858735345,0.007857781290991891,0.0,2017-09-27
0.4698488051842996,0.006030804997941829,0.0,2017-09-28
0.05035808693975696,0.027859335481537087,-0.027859335481537087,2017-09-29
0.793487969651349,0.008495216494710783,0.008495216494710783,2017-10-02
0.4380412928421905,0.011034637877068154,0.0,2017-10-03
0.8493232934897854,0.025203251163325127,0.025203251163325127,2017-10-04
0.5645672237509327,0.020554397348302847,0.0,2017-10-05
0.3142851834192981,0.01391727909101669,-0.01391727909101669,2017-10-06
0.9895466066169069,0.024963583974770248,0.024963583974770248,2017-10-10
0.17259823859538304,0.0037630713829995754,-0.0037630713829995754,2017-10-11
0.018465693757392376,0.03527557291861406,-0.03527557291861406,2017-10-12
0.10628673754091078,0.004668228299046464,-0.004668228299046464,2017-10-13
0.4980251237636548,0.01355021154663924,0.0,2017-10-16
0.6564709429464116,0.0008735996239375926,0.0008735996239375926,2017-10-17
0.49902481173187385,0.01690925861564926,0.0,2017-10-18
0.7806730515762839,0.023920373455693426,0.023920373455693426,2017-10-19
0.7734627769161467,0.013455289968765062,0.013455289968765062,2017-10-20
0.4165184654090205,0.009747468223390184,0.0,2017-10-23
0.9674099800806181,0.001242951633889286,0.001242951633889286,2017-10-24
0.7969887747773412,0.02153462803251644,0.02153462803251644,2017-10-25
0.17137344691163725,0.01301833865223175,-0.01301833865223175,2017-10-26
0.7667653201400607,0.017640412257794613,0.017640412257794613,2017-10-27
0.9653485005070406,0.015480267162865349,0.015480267162865349,2017-10-30
0.7435523257469854,0.0009861024424048124,0.0009861024424048124,2017-10-31
0.22463076036677188,0.020926272287746392,-0.020926272287746392,2017-11-01
0.3486631805018088,0.018426667297479125,-0.018426667297479125,2017-11-02
0.35461614084702686,0.005126790385752753,-0.005126790385752753,2017-11-06
0.21225787272405539,0.007560680846688732,-0.007560680846688732,2017-11-07
0.4560971330679715,0.023362514347701976,0.0,2017-11-08
0.05810476004583809,0.022520955627777815,-0.022520955627777815,2017-11-09
0.8469201680456376,0.011618033760960041,0.011618033760960041,2017-11-10
0.10247539554744534,0.018620616901168903,-0.018620616901168903,2017-11-13
0.9938338961824794,0.00827240733186091,0.00827240733186091,2017-11-14
0.3549950306591044,0.03343265362026191,-0.03343265362026191,2017-11-15
0.07652526728004005,0.0011190143952171095,-0.0011190143952171095,2017-11-16
0.43307235741019623,0.011309226844705202,0.0,2017-11-17
0.2938704853966917,0.00906621537505276,-0.00906621537505276,2017-11-20
0.4798546111779908,0.022037315203752773,0.0,2017-11-21
0.48608550364837066,0.017985256249709085,0.0,2017-11-22
0.8606195713205342,0.015062215176853027,0.015062215176853027,2017-11-24
0.5652046097830767,0.021232069575519943,0.0,2017-11-27
0.7798813336794098,0.004959744704418282,0.004959744704418282,2017-11-28
0.06595274618659763,0.0014194562706308228,-0.0014194562706308228,2017-11-29
0.7878606121367507,0.0021836897230883253,0.0021836897230883253,2017-11-30
0.9870648818458434,0.0005458585108696304,0.0005458585108696304,2017-12-01
0.6975744821331524,0.06846116399291154,0.06846116399291154,2017-12-04
0.9546161701951621,0.0062108748000147315,0.0062108748000147315,2017-12-05
0.04339331587962081,0.02115219247577713,-0.02115219247577713,2017-12-06
0.8417808127656938,0.0007313262225994392,0.0007313262225994392,2017-12-07
0.6150147004607828,0.010385619053693297,0.010385619053693297,2017-12-08
0.6813213813341458,0.010065795117036466,0.010065795117036466,2017-12-11
0.3979319939102831,0.028707788192771665,-0.028707788192771665,2017-12-12
0.008704793107108144,0.0034852672823665904,-0.0034852672823665904,2017-12-13
0.25283860804836034,0.013081560799424278,-0.013081560799424278,2017-12-14
0.8927033005267412,0.011467409833172675,0.011467409833172675,2017-12-15
0.8720749664733491,0.008480789958068799,0.008480789958068799,2017-12-18
0.9326001321219667,0.027342386233513247,0.027342386233513247,2017-12-19
0.07168767124226694,0.0041209529209825305,-0.0041209529209825305,2017-12-20
0.5255614553098822,0.017965599070544392,0.0,2017-12-21
0.15870097217461676,0.00795968237577031,-0.00795968237577031,2017-12-22
0.5963251832711034,0.04663624715895179,0.0,2017-12-25
0.12952988430911327,0.044342342643510314,-0.044342342643510314,2017-12-26
0.7524554572137726,0.008045808354886998,0.008045808354886998,2017-12-27
0.8763844648264613,0.005121827137560644,0.005121827137560644,2017-12-28
0.5495719780560298,0.036457510068687735,0.0,2017-12-29
0.2528661630393878,0.01778194993361064,-0.01778194993361064,2018-01-04
0.6400312689142161,0.012478366270167338,0.012478366270167338,2018-01-05
0.8611171687416544,0.02205068122786882,0.02205068122786882,2018-01-09
0.11824058148178107,0.048306481320538615,-0.048306481320538615,2018-01-10
0.32685388314254216,0.03780902377246432,-0.03780902377246432,2018-01-11
0.34394586738988975,0.031342633891914704,-0.031342633891914704,2018-01-12
0.051473967103787155,0.002773089715546209,-0.002773089715546209,2018-01-15
0.06207297905406306,0.019091810355382523,-0.019091810355382523,2018-01-16
0.7916425744716223,0.0029427282988742634,0.0029427282988742634,2018-01-17
0.7514307943223913,0.0033216267166680013,0.0033216267166680013,2018-01-18
0.6548848479631522,0.005154766119520142,0.005154766119520142,2018-01-19
0.3850059736219682,0.02372824994069205,-0.02372824994069205,2018-01-22
0.2414150559848094,0.01658619321826927,-0.01658619321826927,2018-01-23
0.05922676121584336,0.015590769442631448,-0.015590769442631448,2018-01-24
0.719074801900945,0.03026608745306455,0.03026608745306455,2018-01-25
0.2612448762073236,0.005987225413025399,-0.005987225413025399,2018-01-26
0.8952126936824407,0.01577156978825829,0.01577156978825829,2018-01-29
0.825617980557863,0.020642770150414765,0.020642770150414765,2018-01-30
0.8865249701963283,0.032544918627164326,0.032544918627164326,2018-01-31
0.6039926782682019,0.001421826850556125,0.001421826850556125,2018-02-01
0.25715535984111737,0.013993834905316178,-0.013993834905316178,2018-02-02
0.9133261997755191,0.001629107778379353,0.001629107778379353,2018-02-05
0.11538665611476384,0.04824793572083084,-0.04824793572083084,2018-02-06
0.6490537093831924,0.005625266513983056,0.005625266513983056,2018-02-07
0.8038377827008989,0.04644424395829577,0.04644424395829577,2018-02-08
0.519167772038435,0.02619628321156025,0.0,2018-02-09
0.5024746251920422,0.023979776867402516,0.0,2018-02-13
0.47679238701564153,0.00893630890327366,0.0,2018-02-14
0.5408035741877644,0.0027384923102963294,0.0,2018-02-15
0.867188387305269,0.010964346102256974,0.010964346102256974,2018-02-16
0.14079038818434464,0.020963501200996684,-0.020963501200996684,2018-02-19
0.6303571645478631,0.001627483276013667,0.001627483276013667,2018-02-20
0.9933005941146674,0.003088741076604614,0.003088741076604614,2018-02-21
0.4095490413941473,0.007359970797617851,0.0,2018-02-22
0.5880624902635201,0.035768566217274825,0.0,2018-02-23
0.48446361805746474,0.008279202665535815,0.0,2018-02-26
0.7186370306612994,0.01654812932174049,0.01654812932174049,2018-02-27
0.7285447880370333,0.013523738824535135,0.013523738824535135,2018-02-28
0.9835489904636985,0.008922769193264011,0.008922769193264011,2018-03-01
0.4343780899432036,0.016156341685769036,0.0,2018-03-02
0.14197419102559317,0.023646473618346188,-0.023646473618346188,2018-03-05
0.9352988240295732,0.011758312072261084,0.011758312072261084,2018-03-06
0.4377358500996905,0.013533750801623124,0.0,2018-03-07
0.14665019185468253,0.028780370379118955,-0.028780370379118955,2018-03-08
0.06081201270027048,0.005718057408277333,-0.005718057408277333,2018-03-09
0.32057220344909443,0.001868624028035012,-0.001868624028035012,2018-03-12
0.9424763442564924,0.011297887344142889,0.011297887344142889,2018-03-13
0.4152740329111205,0.006010300362219275,0.0,2018-03-14
0.4894825264495464,0.003143691175971876,0.0,2018-03-15
0.12037669472495516,0.012428103802773666,-0.012428103802773666,2018-03-16
0.16199207328183174,0.03515942308256296,-0.03515942308256296,2018-03-19
0.03377223651176675,0.032758085825835045,-0.032758085825835045,2018-03-20
0.5565895544066781,0.005178223526509138,0.0,2018-03-22
0.40688429262661663,0.00857409579434795,0.0,2018-03-23
0.8765009376187272,0.01839813533213179,0.01839813533213179,2018-03-26
0.5747299592687733,0.010963921953961113,0.0,2018-03-27
0.4112368643872879,0.021061476587805536,0.0,2018-03-28
0.05059888430029136,0.010135873605827168,-0.010135873605827168,2018-03-29
0.8855738117251408,0.01614569344051896,0.01614569344051896,2018-03-30
0.2557610255486442,0.003914290721534466,-0.003914290721534466,2018-04-02
0.8728417042869042,0.006486967425181165,0.006486967425181165,2018-04-03
0.9407050394063899,0.0224669477181488,0.0224669477181488,2018-04-04
0.6217896497670141,0.021086620655959037,0.021086620655959037,2018-04-05
0.3607558533025096,0.01878034466265099,-0.01878034466265099,2018-04-06
0.23530901138683036,0.007276216891018672,-0.007276216891018672,2018-04-09
0.17600329158837047,0.007018568808973672,-0.007018568808973672,2018-04-10
0.16489796938074952,0.001712484511418924,-0.001712484511418924,2018-04-11
0.06307498321610072,0.01925770926277662,-0.01925770926277662,2018-04-12
0.9692339321514788,0.020839365799226982,0.020839365799226982,2018-04-13
0.5293420861910941,0.0028285845508963393,0.0,2018-04-16
0.679178334418735,0.043393819540988456,0.043393819540988456,2018-04-17
0.04991003164071406,0.0028280468459184753,-0.0028280468459184753,2018-04-18
0.6331483062047734,0.008427185102507137,0.008427185102507137,2018-04-19
0.8161534785812905,0.00018707770336575473,0.00018707770336575473,2018-04-20
0.838419850519055,0.02335023344610003,0.02335023344610003,2018-04-23
0.3294812943933946,0.0155324820884346,-0.0155324820884346,2018-04-24
0.9260847164483741,0.030455850988911164,0.030455850988911164,2018-04-25
0.2818702596114082,0.007272266869547018,-0.007272266869547018,2018-04-26
0.21012175874292205,0.0019185022043957604,-0.0019185022043957604,2018-04-27
0.393133702729202,0.020681041518957187,-0.020681041518957187,2018-05-01
0.14045326631759047,0.012831774224253991,-0.012831774224253991,2018-05-02
0.5514289184494283,0.002978135459212616,0.0,2018-05-07
0.9894540502470294,0.008437583303765138,0.008437583303765138,2018-05-08
0.5222662987187412,0.02019354719226248,0.0,2018-05-09
0.3174816512565418,0.020209130146344716,-0.020209130146344716,2018-05-10
0.7493012929066184,0.013240075526795816,0.013240075526795816,2018-05-11
0.9355508408614497,0.0005518766976923584,0.0005518766976923584,2018-05-14
0.892755856842969,0.014129290137248226,0.014129290137248226,2018-05-15
0.05540391342406448,0.004044125912247844,-0.004044125912247844,2018-05-16
0.19168516312885642,0.026474196071349553,-0.026474196071349553,2018-05-17
0.2241438910640352,0.01048436306994643,-0.01048436306994643,2018-05-18
0.9960530435751698,0.022695273043847025,0.022695273043847025,2018-05-21
0.9602230389130797,0.016479754213576288,0.016479754213576288,2018-05-22
0.26231664639008356,0.017824411379946163,-0.017824411379946163,2018-05-23
0.06357325059474717,0.01923721606660674,-0.01923721606660674,2018-05-24
0.30091640593031477,0.049034070169563966,-0.049034070169563966,2018-05-25
0.09475506470650097,0.006580481195330638,-0.006580481195330638,2018-05-28
0.30606588063192597,0.01671578310261773,-0.01671578310261773,2018-05-29
0.25012972849102943,0.01702733369925717,-0.01702733369925717,2018-05-30
0.4194647817717827,0.02640906421301322,0.0,2018-05-31
0.36400138151414496,0.012653932544460993,-0.012653932544460993,2018-06-01
0.20203541867075636,0.006282607518158998,-0.006282607518158998,2018-06-04
0.760875980651813,0.03136371072807629,0.03136371072807629,2018-06-05
0.6833591265516679,0.005088206487681774,0.005088206487681774,2018-06-06
0.04894930538706743,0.00374904248363891,-0.00374904248363891,2018-06-07
0.3906943423861262,0.02831299881682357,-0.02831299881682357,2018-06-08
0.21467226837261055,0.036365661109290584,-0.036365661109290584,2018-06-11
0.3138510403728102,0.001660461105667087,-0.001660461105667087,2018-06-12
0.3110433305982131,0.00748497123000059,-0.00748497123000059,2018-06-13
0.4296483337892184,0.026615637428273047,0.0,2018-06-14
0.09833411663220504,0.004986691396703374,-0.004986691396703374,2018-06-15
0.38815790621746993,0.02055260301413034,-0.02055260301413034,2018-06-18
0.7483713167038936,0.00017930503298054794,0.00017930503298054794,2018-06-19
0.04317530198902508,0.00469033826556149,-0.00469033826556149,2018-06-20
0.25546999578844154,0.0004470953913895253,-0.0004470953913895253,2018-06-21
0.1510290965022567,0.0033463986768027705,-0.0033463986768027705,2018-06-22
0.010986977884603233,0.014274664324056423,-0.014274664324056423,2018-06-25
0.2160366138896651,0.009183808419672845,-0.009183808419672845,2018-06-26
0.6640299838485805,0.0009990624092799955,0.0009990624092799955,2018-06-27
0.11574572802321248,0.008282413978016783,-0.008282413978016783,2018-06-28
0.15948946490539506,0.0023545113469757785,-0.0023545113469757785,2018-06-29
0.12605033272785748,0.017787608127532023,-0.017787608127532023,2018-07-02
0.39952825150544213,0.007004753169769551,-0.007004753169769551,2018-07-03
0.9217019373683064,0.01727427067259298,0.01727427067259298,2018-07-04
0.9195797282868035,0.061983871988260844,0.061983871988260844,2018-07-05
0.5917451683244744,0.016667892587636353,0.0,2018-07-06
0.4393787766552818,0.008708583402770914,0.0,2018-07-09
0.3491773466896063,0.010444892823927493,-0.010444892823927493,2018-07-10
0.6722161626933801,0.007871488040982665,0.007871488040982665,2018-07-11
0.9699472741021267,0.00442708316123105,0.00442708316123105,2018-07-12
0.989855269689987,0.017879792631165226,0.017879792631165226,2018-07-13
0.2942406703586753,0.005733501210077277,-0.005733501210077277,2018-07-17
0.5017700502734412,0.019559771389614528,0.0,2018-07-18
0.11321922098819437,0.03659673615973083,-0.03659673615973083,2018-07-19
0.28850991908594925,0.015252913605190335,-0.015252913605190335,2018-07-20
0.6425093927900203,0.017463610599931696,0.017463610599931696,2018-07-23
0.017987175671768663,0.031737398305498835,-0.031737398305498835,2018-07-24
0.39105839057860703,0.0029549352592200115,-0.0029549352592200115,2018-07-25
0.6465126669142054,0.014607770254695599,0.014607770254695599,2018-07-26
0.4168966215092469,0.01778787808046627,0.0,2018-07-27
0.9090778472706486,0.01679314717251243,0.01679314717251243,2018-07-30
0.41200172557254056,0.014945981128007468,0.0,2018-07-31
0.38330701723871097,0.02875517571805678,-0.02875517571805678,2018-08-01
0.6992373361320098,0.036656503696038185,0.036656503696038185,2018-08-02
0.9532211996019252,0.00968985526926173,0.00968985526926173,2018-08-03
0.3362985745817889,0.008274507958488971,-0.008274507958488971,2018-08-06
0.11544865065634424,0.006686168525340316,-0.006686168525340316,2018-08-07
0.46288964134303057,0.015020251460655085,0.0,2018-08-08
0.7362705518526642,0.018563702578846212,0.018563702578846212,2018-08-09
0.12794052770825126,0.009132192036712311,-0.009132192036712311,2018-08-10
0.8427372719396957,0.020913193153198572,0.020913193153198572,2018-08-13
0.8937774890021001,0.0030810422946290733,0.0030810422946290733,2018-08-14
0.5329475359339516,0.0600327537611148,0.0,2018-08-15
0.149597882146012,0.02390442116468014,-0.02390442116468014,2018-08-16
0.9431628376804507,0.004063353320466122,0.004063353320466122,2018-08-17
0.8981853772159925,0.004761057677758694,0.004761057677758694,2018-08-20
0.15536465577383807,0.0030271728079223573,-0.0030271728079223573,2018-08-21
0.3931261698575599,0.0036761112863204055,-0.0036761112863204055,2018-08-22
0.19652496402460273,0.031268050216287493,-0.031268050216287493,2018-08-23
0.462164524346514,0.0018631565003321164,0.0,2018-08-24
0.5283572373395812,0.015737114938724765,0.0,2018-08-27
0.22173371898893124,0.019749200069519857,-0.019749200069519857,2018-08-28
0.9276029688241973,0.020171184151065853,0.020171184151065853,2018-08-29
0.14003215909973488,0.010327521779256632,-0.010327521779256632,2018-08-30
0.16436959718620192,0.013496552873754702,-0.013496552873754702,2018-08-31
0.06880754579335124,0.00843146650294332,-0.00843146650294332,2018-09-03
0.32754436158762346,0.023990499131281772,-0.023990499131281772,2018-09-04
0.14794719661788325,0.01597598893294479,-0.01597598893294479,2018-09-05
0.8010312915482505,0.02989855953788514,0.02989855953788514,2018-09-06
0.17129220772482023,0.022201981885674533,-0.022201981885674533,2018-09-07
0.09606574267726109,0.011627112295602307,-0.011627112295602307,2018-09-10
0.13165188853803556,0.00466069110151159,-0.00466069110151159,2018-09-11
0.7882130866898875,0.024932525305895473,0.024932525305895473,2018-09-12
0.8381606569540622,0.02855635693180672,0.02855635693180672,2018-09-13
0.9381783314198753,0.03526947982595666,0.03526947982595666,2018-09-14
0.57625349999475,0.004086447050119252,0.0,2018-09-18
0.4603233586359452,0.028002323423278172,0.0,2018-09-19
0.8421600115706154,0.009802962445682628,0.009802962445682628,2018-09-20
0.4296265791130688,0.016818752480069712,0.0,2018-09-21
0.8211375490836452,0.005692873233530344,0.005692873233530344,2018-09-25
0.8377186857036633,0.0031638204713097012,0.0031638204713097012,2018-09-26
0.5379582817445688,0.02852142390063218,0.0,2018-09-27
0.7853151436033367,0.039803893331666305,0.039803893331666305,2018-09-28
0.05067968553943203,0.009109157598108333,-0.009109157598108333,2018-10-01
0.02704381621566243,0.01628489202073323,-0.01628489202073323,2018-10-02
0.9542014671623308,0.005871342583051875,0.005871342583051875,2018-10-03
0.15111911784220966,0.023415251465965656,-0.023415251465965656,2018-10-04
0.2070025491605294,0.005568763296360673,-0.005568763296360673,2018-10-05
0.39965026166969697,0.012831286145392877,-0.012831286145392877,2018-10-09
0.00923884597925384,0.010164666799727932,-0.010164666799727932,2018-10-10
0.850775424770069,0.01442885422033405,0.01442885422033405,2018-10-11
0.2774384851560079,0.01294280543410747,-0.01294280543410747,2018-10-12
0.49089009103293124,0.003103557607748291,0.0,2018-10-15
0.9331464052857612,0.004048105451825303,0.004048105451825303,2018-10-16
0.2915427205802602,0.0030893144838730784,-0.0030893144838730784,2018-10-17
0.5544983694535723,0.009451415091272371,0.0,2018-10-18
0.41344572375205624,0.020546324977356988,0.0,2018-10-19
0.62249709549032,0.03004145445274275,0.03004145445274275,2018-10-22
0.4480278489424053,0.005909091631780359,0.0,2018-10-23
0.2785253838962687,0.014383565834493364,-0.014383565834493364,2018-10-24
0.07167276604812611,0.0014250257128939079,-0.0014250257128939079,2018-10-25
0.5422017144959445,0.0052758233901606805,0.0,2018-10-26
0.8489350198143325,0.025279019311064882,0.025279019311064882,2018-10-29
0.6260028952711671,0.008100409816520293,0.008100409816520293,2018-10-30
0.49053075127310386,0.010318652665764328,0.0,2018-10-31
0.36307024544283495,0.0029608413003408374,-0.0029608413003408374,2018-11-01
0.26358770810291365,0.013379744003550473,-0.013379744003550473,2018-11-02
0.26314743598631485,0.03314990475226822,-0.03314990475226822,2018-11-05
0.6934903778512989,0.0022188886083684195,0.0022188886083684195,2018-11-06
0.6573876893104723,0.014146881310370524,0.014146881310370524,2018-11-07
0.13770775329506857,0.023323971656556176,-0.023323971656556176,2018-11-08
0.16978627182478945,0.027776819059858505,-0.027776819059858505,2018-11-09
0.40900481450877946,0.0063834080907341694,0.0,2018-11-12
0.2906904213032616,0.008873785014347785,-0.008873785014347785,2018-11-13
0.6762986955924487,0.002213494881963501,0.002213494881963501,2018-11-14
0.25740484806748365,0.00959589715479838,-0.00959589715479838,2018-11-15
0.2121459932085188,0.009645393975056772,-0.009645393975056772,2018-11-16
0.38306442168967536,0.009672821009541146,-0.009672821009541146,2018-11-19
0.7223630404782293,0.02047039840536706,0.02047039840536706,2018-11-20
0.13013174685742734,0.005999665989788013,-0.005999665989788013,2018-11-21
0.687348115732213,0.005434630220363555,0.005434630220363555,2018-11-22
0.512938303676774,0.041657348801912256,0.0,2018-11-26
0.1272601443039718,0.006877098980706145,-0.006877098980706145,2018-11-27
0.8480951261681615,0.005653142457445814,0.005653142457445814,2018-11-28
0.629551896240964,0.03029949328317971,0.03029949328317971,2018-11-29
0.8030499067762955,0.006896874519113329,0.006896874519113329,2018-11-30
0.287762103741685,0.012357416176842951,-0.012357416176842951,2018-12-03
0.8502938666817816,0.011363018947450083,0.011363018947450083,2018-12-04
0.5529181064927858,0.0009327322898439183,0.0,2018-12-05
0.4599386979969746,0.0040444576898471495,0.0,2018-12-06
0.20691943575763294,0.006595260684574043,-0.006595260684574043,2018-12-07
0.705192339891337,0.04037412041733291,0.04037412041733291,2018-12-10
0.09570676606658368,0.0020544057602088135,-0.0020544057602088135,2018-12-11
0.7165815916196931,0.004618784863685188,0.004618784863685188,2018-12-12
0.6710189210301869,0.014173579494986344,0.014173579494986344,2018-12-13
0.08977138197428758,0.033820986393301264,-0.033820986393301264,2018-12-14
0.6264220568423896,0.00707598067807753,0.00707598067807753,2018-12-17
0.06767801986711819,0.003753139581276621,-0.003753139581276621,2018-12-18
0.149019794797711,0.007183209756474141,-0.007183209756474141,2018-12-19
0.669726514977513,0.004265314875708873,0.004265314875708873,2018-12-20
0.7142148745563135,0.0003169290043405678,0.0003169290043405678,2018-12-21
0.3344941339676534,0.032099803025538,-0.032099803025538,2018-12-25
0.8609558279888238,0.018624898982828045,0.018624898982828045,2018-12-26
0.6279647477222045,0.006597513396489732,0.006597513396489732,2018-12-27
0.6162799855840896,0.023971466859755104,0.023971466859755104,2018-12-28
0.05026824525660989,0.007394551795813564,-0.007394551795813564,2019-01-04
0.2348043140965732,0.011861692378756764,-0.011861692378756764,2019-01-07
0.6716814953854463,0.012338043365889404,0.012338043365889404,2019-01-08
0.18804102441584936,0.018727821140519588,-0.018727821140519588,2019-01-09
0.8341803283665774,0.0188473230217395,0.0188473230217395,2019-01-10
0.9273258564678888,0.012707480073066907,0.012707480073066907,2019-01-11
0.8924831933688356,0.0038183420242897614,0.0038183420242897614,2019-01-15
0.30244410222715534,0.013536972160203971,-0.013536972160203971,2019-01-16
0.17312920831225376,0.00613796052834663,-0.00613796052834663,2019-01-17
0.09821039331126813,0.025058797952532463,-0.025058797952532463,2019-01-18
0.868757078128277,0.008631582273787113,0.008631582273787113,2019-01-21
0.16494043732783392,0.0019442676144621298,-0.0019442676144621298,2019-01-22
0.8672206929663623,0.028514722324543475,0.028514722324543475,2019-01-23
0.15653469154890032,0.0184167458835478,-0.0184167458835478,2019-01-24
0.16469438392098157,0.029107323908839907,-0.029107323908839907,2019-01-25
0.027012366582541802,0.03340785820041228,-0.03340785820041228,2019-01-28
0.5101767330235466,0.008475645430817115,0.0,2019-01-29
0.05356695156942404,0.011196536283481787,-0.011196536283481787,2019-01-30
0.09456052374707291,0.03684565362286538,-0.03684565362286538,2019-01-31
0.3379137076258355,0.006414887036056283,-0.006414887036056283,2019-02-01
0.42496700412003274,0.021706696149005163,0.0,2019-02-04
0.6967795072936517,0.00023377014753064293,0.00023377014753064293,2019-02-05
0.7655215855179123,0.020439313242842518,0.020439313242842518,2019-02-06
0.5004452422442321,0.006247017806423951,0.0,2019-02-07
0.8460923193629826,0.017147256947989437,0.017147256947989437,2019-02-08
0.612940239189758,0.011860456161759275,0.011860456161759275,2019-02-12
0.4022043834372757,0.005954596318191283,0.0,2019-02-13
0.247527773222586,0.025856368235305047,-0.025856368235305047,2019-02-14
0.18210952341104225,0.008004125376387535,-0.008004125376387535,2019-02-15
0.46691035211639087,0.033989594012751215,0.0,2019-02-18
0.7050199942784703,0.006581089102119607,0.006581089102119607,2019-02-19
0.1421993369787281,0.0017622674747103239,-0.0017622674747103239,2019-02-20
0.21051163887697688,0.014250476676380146,-0.014250476676380146,2019-02-21
0.47929450794885853,0.02690315377293071,0.0,2019-02-22
0.2230252311905382,0.0038610463709564382,-0.0038610463709564382,2019-02-25
0.8215258484197685,0.01540279383436878,0.01540279383436878,2019-02-26
0.9165400062172424,0.012730139686586131,0.012730139686586131,2019-02-27
0.8950455507099806,0.009239067064997221,0.009239067064997221,2019-02-28
0.08508603086898836,0.013004367613203538,-0.013004367613203538,2019-03-01
0.61212617151171,0.023900235161617496,0.023900235161617496,2019-03-04
0.5089323179666001,0.03340540313278422,0.0,2019-03-05
0.6086363578431813,0.001659342709776238,0.001659342709776238,2019-03-06
0.9679167215137285,0.008545040281353469,0.008545040281353469,2019-03-07
0.578168260216761,0.005281070051597444,0.0,2019-03-08
0.9084586004609942,0.01711761292969178,0.01711761292969178,2019-03-11
0.6894108803457504,0.0015775017456597976,0.0015775017456597976,2019-03-12
0.08064999884509338,0.011925568920743958,-0.011925568920743958,2019-03-13
0.7108562054005504,0.021346091807162716,0.021346091807162716,2019-03-14
0.7887039036994291,0.008232867217552243,0.008232867217552243,2019-03-15
0.4365304220526107,0.028713979255699434,0.0,2019-03-18
0.009720953337609806,0.009947026034240454,-0.009947026034240454,2019-03-19
0.852962810277883,0.021752665448464173,0.021752665448464173,2019-03-20
0.07269665239083056,0.010196103524162616,-0.010196103524162616,2019-03-22
0.2512218933181366,0.027961058380820365,-0.027961058380820365,2019-03-25
0.03498530211995521,0.010130927340338653,-0.010130927340338653,2019-03-26
0.37101139388410254,0.023189555700097213,-0.023189555700097213,2019-03-27
0.9484209624961076,0.008678630362127049,0.008678630362127049,2019-03-28
0.07920212732733467,0.0278933595176691,-0.0278933595176691,2019-03-29
0.7724148101232426,0.01866833592001677,0.01866833592001677,2019-04-01
0.9046259060674103,0.0014289840740778546,0.0014289840740778546,2019-04-02
0.21125061748236207,0.008485376975506052,-0.008485376975506052,2019-04-03
0.3101816396968843,0.017350108788094835,-0.017350108788094835,2019-04-04
0.4486688964430222,0.0011077133091303207,0.0,2019-04-05
0.9428987469479552,0.04164304321124951,0.04164304321124951,2019-04-08
0.814194408392111,0.01762863540694453,0.01762863540694453,2019-04-09
0.9758821130705743,0.025307544852257363,0.025307544852257363,2019-04-10
0.4146574212017825,0.002163678114901527,0.0,2019-04-11
0.13829780147036486,0.010882658030174505,-0.010882658030174505,2019-04-12
0.7880904145718728,0.005750604274234035,0.005750604274234035,2019-04-15
0.2311486183167245,0.013591198201502957,-0.013591198201502957,2019-04-16
0.9586717643844946,0.006885986577303715,0.006885986577303715,2019-04-17
0.40672726107655244,0.009411630757384342,0.0,2019-04-18
0.02999510476309164,0.01040505608267456,-0.01040505608267456,2019-04-19
0.2651770043336312,0.00010912151559897903,-0.00010912151559897903,2019-04-22
0.6199632066059289,0.013455225194244077,0.013455225194244077,2019-04-23
0.24058454317737976,0.013108797108370858,-0.013108797108370858,2019-04-24
0.4901405627744486,0.008617045802760862,0.0,2019-04-25
0.8943074202264224,0.002933253895966711,0.002933253895966711,2019-04-26
0.43205883691915214,0.006340210577958048,0.0,2019-04-30
0.694989693817437,0.0231484419823633,0.0231484419823633,2019-05-01
0.32580341034671867,0.004128767336236514,-0.004128767336236514,2019-05-02
0.9878056591328161,0.01092488510741194,0.01092488510741194,2019-05-07
